{
    "model": "CNN-LSTM + Attention",
    "MSE": 0.08221586048603058,
    "MAE": 0.22967350482940674,
    "InferenceTime": 0.13640141487121582
}